Benchmark_ID,timestamp,Case_Class,Stress_Type,Health_State,Ground_Truth_Action,Should_Escalate,Modified_Sensors,Compact_Sensors
PG320-001,2020-05-29 07:25:29,static,sensor_spoofing,early_warning,ESCALATE,1,TP3,"-0.010,7.329,8.318,-0.020,8.330,65.275,0.042,1.000,0.000,1.000,1.000,0.000,1.000,1.000,1.000"
PG320-002,2020-05-29 12:05:19,static,sensor_spoofing,early_warning,ESCALATE,1,Oil_temperature,"-0.008,9.202,9.192,-0.016,9.204,74.655,0.042,1.000,0.000,1.000,1.000,0.000,1.000,1.000,1.000"
PG320-003,2020-04-18 18:53:29,static,clean,incident,ESCALATE,1,,"9.002,8.858,-0.008,2.010,8.858,73.800,5.690,0.000,1.000,0.000,0.000,0.000,1.000,1.000,1.000"
PG320-004,2020-06-05 08:42:26,gradual_drift,gradual_sensor_drift,critical_pre_failure,ESCALATE,1,Reservoirs,"-0.012,8.440,8.426,-0.020,7.915,59.975,0.042,1.000,0.000,1.000,1.000,0.000,1.000,1.000,1.000"
PG320-005,2020-05-29 09:31:12,static,digital_signal_flip,early_warning,ESCALATE,1,DV_electric,"-0.012,9.792,9.778,-0.018,9.790,70.250,3.738,1.000,1.000,1.000,1.000,0.000,1.000,1.000,1.000"
PG320-006,2020-07-17 13:56:06,static,sensor_spoofing,normal,ESCALATE,1,TP2,"-0.009,9.334,9.322,-0.008,9.340,72.400,3.562,1.000,0.000,1.000,1.000,0.000,1.000,1.000,1.000"
PG320-007,2020-07-15 16:10:57,gradual_drift,gradual_sensor_drift,incident,ESCALATE,1,Oil_temperature,"8.690,8.268,-0.004,-0.010,8.268,83.394,5.508,0.000,1.000,0.000,0.000,0.000,1.000,1.000,1.000"
PG320-008,2020-05-29 22:14:17,static,missing_data,critical_pre_failure,ESCALATE,1,TP3,"-0.014,M,8.822,-0.020,8.836,61.050,0.042,1.000,0.000,1.000,1.000,0.000,1.000,1.000,1.000"
PG320-009,2020-06-05 01:42:19,static,missing_data,early_warning,ESCALATE,1,TP3,"-0.012,M,9.506,-0.020,9.518,66.525,3.752,1.000,0.000,1.000,1.000,0.000,1.000,1.000,1.000"
PG320-010,2020-06-05 08:51:21,static,missing_data,critical_pre_failure,ESCALATE,1,Motor_current,"-0.012,9.568,9.554,-0.022,9.568,67.425,M,1.000,0.000,1.000,1.000,0.000,1.000,1.000,1.000"
PG320-011,2020-06-06 12:07:55,gradual_drift,gradual_sensor_drift,incident,ESCALATE,1,Motor_current,"7.606,8.088,-0.004,1.974,8.094,76.950,5.492,0.000,1.000,1.000,0.000,0.000,1.000,1.000,1.000"
PG320-012,2020-06-16 00:10:44,static,clean,normal,RECOMMEND_CONTINUE,0,,"6.878,9.782,-0.010,-0.022,9.782,68.450,5.555,0.000,1.000,0.000,0.000,0.000,1.000,1.000,1.000"
PG320-013,2020-06-04 12:29:57,gradual_drift,gradual_sensor_drift,early_warning,ESCALATE,1,Motor_current,"-0.012,9.792,9.780,-0.018,9.792,69.675,3.298,1.000,0.000,1.000,1.000,0.000,1.000,1.000,1.000"
PG320-014,2020-04-06 22:04:59,static,sensor_spoofing,normal,ESCALATE,1,Reservoirs,"-0.012,8.914,8.906,-0.022,7.844,65.975,0.053,1.000,0.000,1.000,1.000,0.000,1.000,1.000,1.000"
PG320-015,2020-06-05 08:32:51,static,missing_data,critical_pre_failure,ESCALATE,1,Oil_temperature,"-0.012,9.410,9.400,-0.018,9.412,M,3.695,1.000,0.000,1.000,1.000,0.000,1.000,1.000,1.000"
PG320-016,2020-06-05 02:29:04,static,sensor_spoofing,early_warning,ESCALATE,1,TP3,"10.374,11.509,-0.010,-0.022,10.002,64.950,6.180,0.000,1.000,0.000,0.000,0.000,1.000,1.000,1.000"
PG320-017,2020-08-10 10:29:51,gradual_drift,gradual_sensor_drift,normal,ESCALATE,1,Motor_current,"-0.012,9.820,9.806,-0.022,9.818,69.825,3.143,1.000,0.000,1.000,1.000,0.000,1.000,0.000,1.000"
PG320-018,2020-03-10 10:00:07,gradual_drift,gradual_sensor_drift,normal,RECOMMEND_CONTINUE,0,Reservoirs,"-0.012,8.386,8.376,-0.024,8.388,61.900,0.040,1.000,0.000,1.000,1.000,0.000,1.000,1.000,0.000"
PG320-019,2020-07-15 07:42:25,static,physics_contradiction,early_warning,ESCALATE,1,Reservoirs,"-0.010,8.818,8.806,-0.018,11.318,72.125,3.688,1.000,0.000,1.000,1.000,0.000,1.000,1.000,1.000"
PG320-020,2020-06-07 06:00:04,static,clean,incident,ESCALATE,1,,"8.126,7.932,-0.008,1.926,7.934,74.500,5.585,0.000,1.000,0.000,0.000,0.000,1.000,1.000,1.000"
PG320-021,2020-06-05 08:35:29,static,missing_data,critical_pre_failure,ESCALATE,1,Reservoirs,"-0.012,9.178,9.164,-0.020,M,64.125,0.042,1.000,0.000,1.000,1.000,0.000,1.000,1.000,1.000"
PG320-022,2020-03-24 13:04:22,static,missing_data,normal,ESCALATE,1,TP3,"-0.014,M,9.750,-0.018,9.764,67.150,3.792,1.000,0.000,1.000,1.000,0.000,1.000,1.000,1.000"
PG320-023,2020-07-15 14:09:42,static,clean,critical_pre_failure,ESCALATE,1,,"10.050,9.674,-0.002,-0.010,9.674,79.800,6.025,0.000,1.000,1.000,0.000,0.000,1.000,1.000,1.000"
PG320-024,2020-07-15 09:19:15,static,clean,early_warning,RECOMMEND_MAINTENANCE,0,,"-0.012,9.386,9.376,-0.016,9.390,75.100,3.712,1.000,0.000,1.000,1.000,0.000,1.000,1.000,1.000"
PG320-025,2020-06-07 06:03:22,static,physics_contradiction,incident,ESCALATE,1,Reservoirs,"5.374,7.958,-0.006,1.084,5.958,74.700,5.003,0.000,1.000,0.000,0.000,0.000,1.000,1.000,1.000"
PG320-026,2020-07-17 13:56:06,static,digital_signal_flip,normal,ESCALATE,1,COMP,"-0.008,9.334,9.322,-0.008,9.340,72.400,3.562,0.000,0.000,1.000,1.000,0.000,1.000,1.000,1.000"
PG320-027,2020-04-10 10:17:17,gradual_drift,gradual_sensor_drift,normal,ESCALATE,1,Oil_temperature,"-0.014,9.068,9.054,-0.024,9.068,52.885,0.042,1.000,0.000,1.000,1.000,0.000,1.000,1.000,1.000"
PG320-028,2020-07-15 16:19:23,static,missing_data,incident,ESCALATE,1,Reservoirs,"8.722,8.308,0.000,-0.008,M,86.000,5.542,0.000,1.000,1.000,0.000,0.000,1.000,1.000,1.000"
PG320-029,2020-06-05 10:02:33,static,physics_contradiction,incident,ESCALATE,1,Reservoirs,"6.028,8.244,-0.008,1.456,5.744,74.450,5.075,0.000,1.000,0.000,0.000,0.000,1.000,1.000,1.000"
PG320-030,2020-06-05 02:29:04,static,missing_data,early_warning,ESCALATE,1,TP2,"M,10.008,-0.010,-0.022,10.002,64.950,6.180,0.000,1.000,0.000,0.000,0.000,1.000,1.000,1.000"
PG320-031,2020-07-15 14:21:15,static,clean,critical_pre_failure,ESCALATE,1,,"10.400,10.068,-0.006,-0.010,10.066,81.700,6.075,0.000,1.000,0.000,0.000,0.000,1.000,1.000,1.000"
PG320-032,2020-05-29 09:31:12,static,sensor_spoofing,early_warning,ESCALATE,1,Reservoirs,"-0.012,9.792,9.778,-0.018,9.007,70.250,3.738,1.000,0.000,1.000,1.000,0.000,1.000,1.000,1.000"
PG320-033,2020-06-04 12:02:41,static,missing_data,early_warning,ESCALATE,1,TP2,"M,8.344,8.332,-0.020,8.346,61.250,0.038,1.000,0.000,1.000,1.000,0.000,1.000,1.000,1.000"
PG320-034,2020-05-29 15:41:05,static,missing_data,early_warning,ESCALATE,1,Motor_current,"-0.010,8.870,8.860,-0.018,8.874,68.225,M,1.000,0.000,1.000,1.000,0.000,1.000,1.000,1.000"
PG320-035,2020-08-10 10:25:04,gradual_drift,gradual_sensor_drift,normal,ESCALATE,1,Motor_current,"6.034,7.972,-0.028,-0.020,7.972,58.950,4.554,0.000,1.000,1.000,0.000,0.000,1.000,0.000,1.000"
PG320-036,2020-06-14 01:09:32,static,clean,normal,RECOMMEND_CONTINUE,0,,"8.744,8.272,-0.024,-0.024,8.268,56.575,5.802,0.000,1.000,0.000,0.000,0.000,1.000,1.000,1.000"
PG320-037,2020-03-10 10:18:57,gradual_drift,gradual_sensor_drift,normal,ESCALATE,1,Reservoirs,"-0.014,8.150,8.142,-0.024,8.924,59.975,0.040,1.000,0.000,1.000,1.000,0.000,1.000,1.000,0.000"
PG320-038,2020-05-30 04:27:34,static,physics_contradiction,incident,ESCALATE,1,Reservoirs,"8.554,8.374,-0.008,2.048,6.374,76.350,5.572,0.000,1.000,0.000,0.000,0.000,1.000,1.000,1.000"
PG320-039,2020-05-29 12:05:19,static,clean,early_warning,RECOMMEND_MAINTENANCE,0,,"-0.008,9.202,9.192,-0.016,9.204,69.125,0.042,1.000,0.000,1.000,1.000,0.000,1.000,1.000,1.000"
PG320-040,2020-02-08 07:25:44,static,clean,normal,RECOMMEND_CONTINUE,0,,"-0.012,9.292,9.278,-0.018,9.296,57.500,0.038,1.000,0.000,1.000,1.000,0.000,1.000,1.000,1.000"
PG320-041,2020-08-10 10:10:52,gradual_drift,gradual_sensor_drift,normal,ESCALATE,1,Motor_current,"-0.010,9.430,9.420,-0.020,9.430,66.300,3.448,1.000,0.000,1.000,1.000,0.000,1.000,0.000,1.000"
PG320-042,2020-07-15 07:42:25,static,sensor_spoofing,early_warning,ESCALATE,1,TP2,"-0.009,8.818,8.806,-0.018,8.820,72.125,3.688,1.000,0.000,1.000,1.000,0.000,1.000,1.000,1.000"
PG320-043,2020-04-12 14:44:30,static,physics_contradiction,normal,ESCALATE,1,Reservoirs,"8.334,9.420,-0.010,1.502,10.920,74.600,5.533,0.000,1.000,0.000,0.000,0.000,1.000,1.000,1.000"
PG320-044,2020-05-30 01:14:03,gradual_drift,gradual_sensor_drift,incident,ESCALATE,1,Motor_current,"8.584,8.404,-0.008,2.062,8.406,75.525,5.986,0.000,1.000,0.000,0.000,0.000,1.000,1.000,1.000"
PG320-045,2020-05-29 09:07:15,static,digital_signal_flip,early_warning,ESCALATE,1,DV_electric,"10.056,9.686,-0.006,-0.018,9.682,69.600,6.152,0.000,0.000,0.000,0.000,0.000,1.000,1.000,1.000"
PG320-046,2020-03-30 15:02:01,static,physics_contradiction,normal,ESCALATE,1,Reservoirs,"-0.016,8.256,8.246,-0.024,6.256,56.525,0.042,1.000,0.000,1.000,1.000,0.000,1.000,1.000,1.000"
PG320-047,2020-05-29 09:31:12,static,physics_contradiction,early_warning,ESCALATE,1,Reservoirs,"-0.012,9.792,9.778,-0.018,11.792,70.250,3.738,1.000,0.000,1.000,1.000,0.000,1.000,1.000,1.000"
PG320-048,2020-06-04 12:02:41,static,digital_signal_flip,early_warning,ESCALATE,1,DV_electric,"-0.012,8.344,8.332,-0.020,8.346,61.250,0.038,1.000,1.000,1.000,1.000,0.000,1.000,1.000,1.000"
PG320-049,2020-05-30 04:27:34,static,sensor_spoofing,incident,ESCALATE,1,TP2,"9.837,8.374,-0.008,2.048,8.376,76.350,5.572,0.000,1.000,0.000,0.000,0.000,1.000,1.000,1.000"
PG320-050,2020-02-28 14:30:48,static,sensor_spoofing,normal,ESCALATE,1,TP2,"-0.014,9.846,9.832,-0.018,9.848,58.900,3.845,1.000,0.000,1.000,1.000,0.000,1.000,1.000,1.000"
PG320-051,2020-06-05 08:51:21,static,clean,critical_pre_failure,ESCALATE,1,,"-0.012,9.568,9.554,-0.022,9.568,67.425,3.712,1.000,0.000,1.000,1.000,0.000,1.000,1.000,1.000"
PG320-052,2020-04-06 22:04:59,static,missing_data,normal,ESCALATE,1,TP2,"M,8.914,8.906,-0.022,8.914,65.975,0.053,1.000,0.000,1.000,1.000,0.000,1.000,1.000,1.000"
PG320-053,2020-06-07 06:03:22,static,missing_data,incident,ESCALATE,1,TP2,"M,7.958,-0.006,1.084,7.960,74.700,5.003,0.000,1.000,0.000,0.000,0.000,1.000,1.000,1.000"
PG320-054,2020-04-18 20:20:03,static,physics_contradiction,incident,ESCALATE,1,Reservoirs,"9.018,8.864,-0.008,2.010,6.364,73.850,5.685,0.000,1.000,0.000,0.000,0.000,1.000,1.000,1.000"
PG320-055,2020-05-30 04:27:34,static,missing_data,incident,ESCALATE,1,Reservoirs,"8.554,8.374,-0.008,2.048,M,76.350,5.572,0.000,1.000,0.000,0.000,0.000,1.000,1.000,1.000"
PG320-056,2020-07-15 13:50:12,static,sensor_spoofing,critical_pre_failure,ESCALATE,1,Reservoirs,"10.598,10.240,-0.006,-0.012,9.011,80.600,6.022,0.000,1.000,1.000,0.000,0.000,1.000,1.000,1.000"
PG320-057,2020-05-29 12:00:02,gradual_drift,gradual_sensor_drift,early_warning,RECOMMEND_MAINTENANCE,0,Motor_current,"-0.008,9.800,9.786,-0.016,9.800,71.700,3.688,1.000,0.000,1.000,1.000,0.000,1.000,1.000,1.000"
PG320-058,2020-04-16 20:22:09,static,clean,normal,RECOMMEND_CONTINUE,0,,"-0.014,9.290,9.276,-0.022,9.288,61.150,0.042,1.000,0.000,1.000,1.000,0.000,1.000,1.000,1.000"
PG320-059,2020-05-29 15:41:05,static,clean,early_warning,RECOMMEND_MAINTENANCE,0,,"-0.010,8.870,8.860,-0.018,8.874,68.225,0.040,1.000,0.000,1.000,1.000,0.000,1.000,1.000,1.000"
PG320-060,2020-06-16 00:10:44,static,digital_signal_flip,normal,ESCALATE,1,MPG,"6.878,9.782,-0.010,-0.022,9.782,68.450,5.555,0.000,1.000,0.000,1.000,0.000,1.000,1.000,1.000"
PG320-061,2020-03-10 10:14:09,gradual_drift,gradual_sensor_drift,normal,ESCALATE,1,Reservoirs,"-0.014,8.608,8.598,-0.024,9.216,61.100,0.040,1.000,0.000,1.000,1.000,0.000,1.000,1.000,0.000"
PG320-062,2020-05-29 12:03:10,gradual_drift,gradual_sensor_drift,early_warning,RECOMMEND_MAINTENANCE,0,Motor_current,"-0.010,9.424,9.414,-0.014,9.428,68.725,3.696,1.000,0.000,1.000,1.000,0.000,1.000,1.000,1.000"
PG320-063,2020-07-17 13:56:06,static,physics_contradiction,normal,ESCALATE,1,Reservoirs,"-0.008,9.334,9.322,-0.008,7.334,72.400,3.562,1.000,0.000,1.000,1.000,0.000,1.000,1.000,1.000"
PG320-064,2020-05-29 12:25:08,gradual_drift,gradual_sensor_drift,early_warning,ESCALATE,1,Motor_current,"-0.008,8.942,8.930,-0.014,8.946,66.225,0.033,1.000,0.000,1.000,1.000,0.000,1.000,1.000,1.000"
PG320-065,2020-06-05 01:42:19,static,sensor_spoofing,early_warning,ESCALATE,1,Oil_temperature,"-0.012,9.518,9.506,-0.020,9.518,53.220,3.752,1.000,0.000,1.000,1.000,0.000,1.000,1.000,1.000"
PG320-066,2020-06-05 08:33:01,gradual_drift,gradual_sensor_drift,critical_pre_failure,ESCALATE,1,Reservoirs,"-0.012,9.392,9.380,-0.022,9.256,67.050,3.775,1.000,0.000,1.000,1.000,0.000,1.000,1.000,1.000"
PG320-067,2020-04-16 20:22:09,static,physics_contradiction,normal,ESCALATE,1,Reservoirs,"-0.014,9.290,9.276,-0.022,7.790,61.150,0.042,1.000,0.000,1.000,1.000,0.000,1.000,1.000,1.000"
PG320-068,2020-05-29 07:25:29,static,clean,early_warning,RECOMMEND_MAINTENANCE,0,,"-0.010,8.328,8.318,-0.020,8.330,65.275,0.042,1.000,0.000,1.000,1.000,0.000,1.000,1.000,1.000"
PG320-069,2020-07-15 05:41:28,static,digital_signal_flip,early_warning,ESCALATE,1,MPG,"-0.010,8.406,8.394,-0.020,8.408,70.650,3.730,1.000,0.000,1.000,0.000,0.000,1.000,1.000,1.000"
PG320-070,2020-05-29 12:15:43,gradual_drift,gradual_sensor_drift,early_warning,ESCALATE,1,Motor_current,"-0.010,9.860,9.848,-0.016,9.860,72.425,3.392,1.000,0.000,1.000,1.000,0.000,1.000,1.000,1.000"
PG320-071,2020-05-29 07:25:29,static,missing_data,early_warning,ESCALATE,1,TP2,"M,8.328,8.318,-0.020,8.330,65.275,0.042,1.000,0.000,1.000,1.000,0.000,1.000,1.000,1.000"
PG320-072,2020-06-05 10:02:33,static,missing_data,incident,ESCALATE,1,Reservoirs,"6.028,8.244,-0.008,1.456,M,74.450,5.075,0.000,1.000,0.000,0.000,0.000,1.000,1.000,1.000"
PG320-073,2020-07-15 13:10:53,gradual_drift,gradual_sensor_drift,critical_pre_failure,ESCALATE,1,TP3,"9.192,8.321,-0.008,-0.012,8.800,73.125,5.795,0.000,1.000,0.000,0.000,0.000,1.000,1.000,1.000"
PG320-074,2020-05-30 01:23:38,gradual_drift,gradual_sensor_drift,incident,ESCALATE,1,Motor_current,"8.564,8.392,-0.008,2.050,8.394,75.825,6.153,0.000,1.000,0.000,0.000,0.000,1.000,1.000,1.000"
PG320-075,2020-05-30 04:58:57,static,clean,incident,ESCALATE,1,,"8.550,8.368,-0.010,2.050,8.372,76.300,5.628,0.000,1.000,0.000,0.000,0.000,1.000,1.000,1.000"
PG320-076,2020-07-15 07:42:25,static,clean,early_warning,RECOMMEND_MAINTENANCE,0,,"-0.010,8.818,8.806,-0.018,8.820,72.125,3.688,1.000,0.000,1.000,1.000,0.000,1.000,1.000,1.000"
PG320-077,2020-05-30 04:27:34,static,digital_signal_flip,incident,ESCALATE,1,DV_electric,"8.554,8.374,-0.008,2.048,8.376,76.350,5.572,0.000,0.000,0.000,0.000,0.000,1.000,1.000,1.000"
PG320-078,2020-07-15 14:21:15,static,missing_data,critical_pre_failure,ESCALATE,1,Reservoirs,"10.400,10.068,-0.006,-0.010,M,81.700,6.075,0.000,1.000,0.000,0.000,0.000,1.000,1.000,1.000"
PG320-079,2020-08-10 10:01:26,gradual_drift,gradual_sensor_drift,normal,RECOMMEND_CONTINUE,0,Motor_current,"-0.014,8.290,8.278,-0.020,8.294,60.725,0.042,1.000,0.000,1.000,1.000,0.000,1.000,0.000,1.000"
PG320-080,2020-06-06 12:21:58,gradual_drift,gradual_sensor_drift,incident,ESCALATE,1,Motor_current,"8.340,8.114,-0.006,2.226,8.114,77.175,6.000,0.000,1.000,1.000,0.000,0.000,1.000,1.000,1.000"
PG320-081,2020-05-30 01:28:16,gradual_drift,gradual_sensor_drift,incident,ESCALATE,1,Motor_current,"6.936,8.406,-0.008,1.560,8.408,75.400,5.842,0.000,1.000,1.000,0.000,0.000,1.000,1.000,1.000"
PG320-082,2020-07-15 16:06:10,gradual_drift,gradual_sensor_drift,incident,ESCALATE,1,Oil_temperature,"7.572,8.814,-0.002,-0.010,8.812,84.585,5.280,0.000,1.000,0.000,0.000,0.000,1.000,1.000,1.000"
PG320-083,2020-05-29 07:25:29,static,digital_signal_flip,early_warning,ESCALATE,1,Pressure_switch,"-0.010,8.328,8.318,-0.020,8.330,65.275,0.042,1.000,0.000,1.000,1.000,0.000,0.000,1.000,1.000"
PG320-084,2020-03-24 13:04:22,static,clean,normal,RECOMMEND_CONTINUE,0,,"-0.014,9.762,9.750,-0.018,9.764,67.150,3.792,1.000,0.000,1.000,1.000,0.000,1.000,1.000,1.000"
PG320-085,2020-02-08 07:25:44,static,digital_signal_flip,normal,ESCALATE,1,DV_electric,"-0.012,9.292,9.278,-0.018,9.296,57.500,0.038,1.000,1.000,1.000,1.000,0.000,1.000,1.000,1.000"
PG320-086,2020-05-29 15:41:05,static,digital_signal_flip,early_warning,ESCALATE,1,DV_electric,"-0.010,8.870,8.860,-0.018,8.874,68.225,0.040,1.000,1.000,1.000,1.000,0.000,1.000,1.000,1.000"
PG320-087,2020-07-15 16:29:57,gradual_drift,gradual_sensor_drift,incident,ESCALATE,1,Oil_temperature,"8.842,8.466,-0.002,-0.008,8.464,75.600,5.628,0.000,1.000,0.000,0.000,0.000,1.000,1.000,1.000"
PG320-088,2020-05-29 22:14:17,static,digital_signal_flip,critical_pre_failure,ESCALATE,1,DV_electric,"-0.014,8.836,8.822,-0.020,8.836,61.050,0.042,1.000,1.000,1.000,1.000,0.000,1.000,1.000,1.000"
PG320-089,2020-05-29 22:04:32,static,digital_signal_flip,critical_pre_failure,ESCALATE,1,LPS,"-0.012,9.740,9.726,-0.022,9.738,68.325,3.808,1.000,0.000,1.000,1.000,1.000,1.000,1.000,1.000"
PG320-090,2020-06-04 12:02:41,static,clean,early_warning,RECOMMEND_MAINTENANCE,0,,"-0.012,8.344,8.332,-0.020,8.346,61.250,0.038,1.000,0.000,1.000,1.000,0.000,1.000,1.000,1.000"
PG320-091,2020-04-18 22:50:43,static,physics_contradiction,incident,ESCALATE,1,Reservoirs,"7.920,8.886,-0.008,1.690,7.386,73.450,5.575,0.000,1.000,1.000,0.000,0.000,1.000,1.000,1.000"
PG320-092,2020-02-28 14:30:48,static,clean,normal,RECOMMEND_CONTINUE,0,,"-0.012,9.846,9.832,-0.018,9.848,58.900,3.845,1.000,0.000,1.000,1.000,0.000,1.000,1.000,1.000"
PG320-093,2020-07-15 14:09:42,static,digital_signal_flip,critical_pre_failure,ESCALATE,1,MPG,"10.050,9.674,-0.002,-0.010,9.674,79.800,6.025,0.000,1.000,1.000,1.000,0.000,1.000,1.000,1.000"
PG320-094,2020-02-28 14:30:48,static,digital_signal_flip,normal,ESCALATE,1,DV_electric,"-0.012,9.846,9.832,-0.018,9.848,58.900,3.845,1.000,1.000,1.000,1.000,0.000,1.000,1.000,1.000"
PG320-095,2020-04-18 22:50:43,static,missing_data,incident,ESCALATE,1,TP3,"7.920,M,-0.008,1.690,8.886,73.450,5.575,0.000,1.000,1.000,0.000,0.000,1.000,1.000,1.000"
PG320-096,2020-07-06 19:55:21,static,sensor_spoofing,normal,ESCALATE,1,Oil_temperature,"-0.008,9.094,9.082,-0.014,9.096,59.521,3.885,1.000,0.000,1.000,1.000,0.000,1.000,1.000,1.000"
PG320-097,2020-07-06 19:55:21,static,physics_contradiction,normal,ESCALATE,1,Reservoirs,"-0.008,9.094,9.082,-0.014,10.594,70.025,3.885,1.000,0.000,1.000,1.000,0.000,1.000,1.000,1.000"
PG320-098,2020-06-04 12:02:41,static,sensor_spoofing,early_warning,ESCALATE,1,Oil_temperature,"-0.012,8.344,8.332,-0.020,8.346,56.350,0.038,1.000,0.000,1.000,1.000,0.000,1.000,1.000,1.000"
PG320-099,2020-07-15 14:21:15,static,digital_signal_flip,critical_pre_failure,ESCALATE,1,DV_electric,"10.400,10.068,-0.006,-0.010,10.066,81.700,6.075,0.000,0.000,0.000,0.000,0.000,1.000,1.000,1.000"
PG320-100,2020-04-18 20:20:03,static,digital_signal_flip,incident,ESCALATE,1,Pressure_switch,"9.018,8.864,-0.008,2.010,8.866,73.850,5.685,0.000,1.000,0.000,0.000,0.000,0.000,1.000,1.000"
PG320-101,2020-06-07 06:03:22,static,sensor_spoofing,incident,ESCALATE,1,Motor_current,"5.374,7.958,-0.006,1.084,7.960,74.700,5.403,0.000,1.000,0.000,0.000,0.000,1.000,1.000,1.000"
PG320-102,2020-05-29 22:18:55,gradual_drift,gradual_sensor_drift,critical_pre_failure,ESCALATE,1,Oil_temperature,"-0.012,8.456,8.446,-0.022,8.458,55.635,0.042,1.000,0.000,1.000,1.000,0.000,1.000,1.000,1.000"
PG320-103,2020-06-05 09:17:27,static,sensor_spoofing,critical_pre_failure,ESCALATE,1,Oil_temperature,"-0.014,9.370,9.358,-0.020,9.372,71.658,0.042,1.000,0.000,1.000,1.000,0.000,1.000,1.000,1.000"
PG320-104,2020-05-30 04:27:34,static,clean,incident,ESCALATE,1,,"8.554,8.374,-0.008,2.048,8.376,76.350,5.572,0.000,1.000,0.000,0.000,0.000,1.000,1.000,1.000"
PG320-105,2020-05-29 22:04:32,static,missing_data,critical_pre_failure,ESCALATE,1,Motor_current,"-0.012,9.740,9.726,-0.022,9.738,68.325,M,1.000,0.000,1.000,1.000,0.000,1.000,1.000,1.000"
PG320-106,2020-04-18 22:50:43,static,digital_signal_flip,incident,ESCALATE,1,Pressure_switch,"7.920,8.886,-0.008,1.690,8.886,73.450,5.575,0.000,1.000,1.000,0.000,0.000,0.000,1.000,1.000"
PG320-107,2020-06-05 09:17:27,static,physics_contradiction,critical_pre_failure,ESCALATE,1,Reservoirs,"-0.014,9.370,9.358,-0.020,11.370,66.350,0.042,1.000,0.000,1.000,1.000,0.000,1.000,1.000,1.000"
PG320-108,2020-06-05 08:51:21,static,digital_signal_flip,critical_pre_failure,ESCALATE,1,MPG,"-0.012,9.568,9.554,-0.022,9.568,67.425,3.712,1.000,0.000,1.000,0.000,0.000,1.000,1.000,1.000"
PG320-109,2020-07-15 14:09:42,static,missing_data,critical_pre_failure,ESCALATE,1,Motor_current,"10.050,9.674,-0.002,-0.010,9.674,79.800,M,0.000,1.000,1.000,0.000,0.000,1.000,1.000,1.000"
PG320-110,2020-05-29 09:31:12,static,clean,early_warning,RECOMMEND_MAINTENANCE,0,,"-0.012,9.792,9.778,-0.018,9.790,70.250,3.738,1.000,0.000,1.000,1.000,0.000,1.000,1.000,1.000"
PG320-111,2020-07-15 14:21:15,static,sensor_spoofing,critical_pre_failure,ESCALATE,1,Oil_temperature,"10.400,10.068,-0.006,-0.010,10.066,93.955,6.075,0.000,1.000,0.000,0.000,0.000,1.000,1.000,1.000"
PG320-112,2020-06-05 08:47:13,gradual_drift,gradual_sensor_drift,critical_pre_failure,ESCALATE,1,Reservoirs,"-0.016,10.018,10.010,-0.020,9.151,72.500,3.815,1.000,0.000,1.000,1.000,0.000,1.000,1.000,1.000"
PG320-113,2020-06-07 00:45:01,static,sensor_spoofing,incident,ESCALATE,1,TP3,"6.984,6.190,-0.008,1.728,7.740,75.100,5.253,0.000,1.000,1.000,0.000,0.000,1.000,1.000,1.000"
PG320-114,2020-07-15 13:14:01,static,physics_contradiction,critical_pre_failure,ESCALATE,1,Reservoirs,"-0.006,10.204,10.206,0.004,7.704,78.875,3.688,1.000,0.000,1.000,1.000,0.000,1.000,1.000,1.000"
PG320-115,2020-05-29 12:18:52,gradual_drift,gradual_sensor_drift,early_warning,ESCALATE,1,Motor_current,"-0.008,9.558,9.544,-0.014,9.558,68.925,3.201,1.000,0.000,1.000,1.000,0.000,1.000,1.000,1.000"
PG320-116,2020-06-05 01:42:19,static,digital_signal_flip,early_warning,ESCALATE,1,MPG,"-0.012,9.518,9.506,-0.020,9.518,66.525,3.752,1.000,0.000,1.000,0.000,0.000,1.000,1.000,1.000"
PG320-117,2020-05-29 22:04:32,static,clean,critical_pre_failure,ESCALATE,1,,"-0.012,9.740,9.726,-0.022,9.738,68.325,3.808,1.000,0.000,1.000,1.000,0.000,1.000,1.000,1.000"
PG320-118,2020-06-06 12:26:46,gradual_drift,gradual_sensor_drift,incident,ESCALATE,1,Motor_current,"7.970,8.118,-0.004,2.102,8.120,77.575,5.999,0.000,1.000,0.000,0.000,0.000,1.000,1.000,1.000"
PG320-119,2020-07-15 16:19:23,static,physics_contradiction,incident,ESCALATE,1,Reservoirs,"8.722,8.308,0.000,-0.008,6.308,86.000,5.542,0.000,1.000,1.000,0.000,0.000,1.000,1.000,1.000"
PG320-120,2020-05-29 22:28:20,gradual_drift,gradual_sensor_drift,critical_pre_failure,ESCALATE,1,Oil_temperature,"-0.012,9.790,9.780,-0.022,9.790,62.187,3.788,1.000,0.000,1.000,1.000,0.000,1.000,1.000,1.000"
PG320-121,2020-04-18 20:20:03,static,clean,incident,ESCALATE,1,,"9.018,8.864,-0.008,2.010,8.866,73.850,5.685,0.000,1.000,0.000,0.000,0.000,1.000,1.000,1.000"
PG320-122,2020-05-29 15:41:05,static,physics_contradiction,early_warning,ESCALATE,1,Reservoirs,"-0.010,8.870,8.860,-0.018,7.370,68.225,0.040,1.000,0.000,1.000,1.000,0.000,1.000,1.000,1.000"
PG320-123,2020-04-17 22:03:37,static,digital_signal_flip,critical_pre_failure,ESCALATE,1,DV_electric,"-0.018,8.248,8.238,-0.024,8.248,49.450,0.040,1.000,1.000,1.000,1.000,0.000,1.000,1.000,1.000"
PG320-124,2020-06-14 01:09:32,static,missing_data,normal,ESCALATE,1,TP2,"M,8.272,-0.024,-0.024,8.268,56.575,5.802,0.000,1.000,0.000,0.000,0.000,1.000,1.000,1.000"
PG320-125,2020-06-14 01:09:32,static,digital_signal_flip,normal,ESCALATE,1,Pressure_switch,"8.744,8.272,-0.024,-0.024,8.268,56.575,5.802,0.000,1.000,0.000,0.000,0.000,0.000,1.000,1.000"
PG320-126,2020-05-30 01:18:51,gradual_drift,gradual_sensor_drift,incident,ESCALATE,1,Motor_current,"8.626,8.402,-0.008,2.072,8.404,75.525,6.070,0.000,1.000,1.000,0.000,0.000,1.000,1.000,1.000"
PG320-127,2020-07-15 13:50:12,static,physics_contradiction,critical_pre_failure,ESCALATE,1,Reservoirs,"10.598,10.240,-0.006,-0.012,7.740,80.600,6.022,0.000,1.000,1.000,0.000,0.000,1.000,1.000,1.000"
PG320-128,2020-05-29 15:41:05,static,sensor_spoofing,early_warning,ESCALATE,1,Oil_temperature,"-0.010,8.870,8.860,-0.018,8.874,54.580,0.040,1.000,0.000,1.000,1.000,0.000,1.000,1.000,1.000"
PG320-129,2020-04-12 14:44:30,static,clean,normal,RECOMMEND_CONTINUE,0,,"8.334,9.420,-0.010,1.502,9.424,74.600,5.533,0.000,1.000,0.000,0.000,0.000,1.000,1.000,1.000"
PG320-130,2020-06-07 13:09:07,static,digital_signal_flip,incident,ESCALATE,1,MPG,"8.038,7.948,-0.006,1.912,7.954,75.700,5.435,0.000,1.000,0.000,1.000,0.000,1.000,1.000,1.000"
PG320-131,2020-07-15 05:41:28,static,sensor_spoofing,early_warning,ESCALATE,1,Oil_temperature,"-0.010,8.406,8.394,-0.020,8.408,84.780,3.730,1.000,0.000,1.000,1.000,0.000,1.000,1.000,1.000"
PG320-132,2020-06-19 20:48:36,static,clean,normal,RECOMMEND_CONTINUE,0,,"-0.020,9.998,9.990,-0.020,9.996,72.425,3.868,1.000,0.000,1.000,1.000,0.000,1.000,1.000,1.000"
PG320-133,2020-06-05 08:51:21,static,physics_contradiction,critical_pre_failure,ESCALATE,1,Reservoirs,"-0.012,9.568,9.554,-0.022,12.068,67.425,3.712,1.000,0.000,1.000,1.000,0.000,1.000,1.000,1.000"
PG320-134,2020-06-04 12:26:38,gradual_drift,gradual_sensor_drift,early_warning,ESCALATE,1,Motor_current,"9.824,9.450,-0.012,-0.018,9.446,67.925,5.313,0.000,1.000,0.000,0.000,0.000,1.000,1.000,1.000"
PG320-135,2020-06-05 08:32:51,static,digital_signal_flip,critical_pre_failure,ESCALATE,1,MPG,"-0.012,9.410,9.400,-0.018,9.412,67.650,3.695,1.000,0.000,1.000,0.000,0.000,1.000,1.000,1.000"
PG320-136,2020-07-15 16:19:23,static,digital_signal_flip,incident,ESCALATE,1,DV_electric,"8.722,8.308,0.000,-0.008,8.304,86.000,5.542,0.000,0.000,1.000,0.000,0.000,1.000,1.000,1.000"
PG320-137,2020-05-29 22:04:32,static,sensor_spoofing,critical_pre_failure,ESCALATE,1,Motor_current,"-0.012,9.740,9.726,-0.022,9.738,68.325,3.236,1.000,0.000,1.000,1.000,0.000,1.000,1.000,1.000"
PG320-138,2020-06-05 08:32:51,static,physics_contradiction,critical_pre_failure,ESCALATE,1,Reservoirs,"-0.012,9.410,9.400,-0.018,10.910,67.650,3.695,1.000,0.000,1.000,1.000,0.000,1.000,1.000,1.000"
PG320-139,2020-04-18 18:53:29,static,physics_contradiction,incident,ESCALATE,1,Reservoirs,"9.002,8.858,-0.008,2.010,10.358,73.800,5.690,0.000,1.000,0.000,0.000,0.000,1.000,1.000,1.000"
PG320-140,2020-05-30 01:00:00,gradual_drift,gradual_sensor_drift,incident,ESCALATE,1,Motor_current,"8.576,8.396,-0.008,2.056,8.398,75.600,5.625,0.000,1.000,0.000,0.000,0.000,1.000,1.000,1.000"
PG320-141,2020-06-05 02:29:04,static,physics_contradiction,early_warning,ESCALATE,1,Reservoirs,"10.374,10.008,-0.010,-0.022,12.008,64.950,6.180,0.000,1.000,0.000,0.000,0.000,1.000,1.000,1.000"
PG320-142,2020-04-18 21:15:33,static,physics_contradiction,incident,ESCALATE,1,Reservoirs,"9.032,8.888,-0.006,2.010,11.388,73.750,5.875,0.000,1.000,0.000,0.000,0.000,1.000,1.000,1.000"
PG320-143,2020-07-15 13:50:12,static,digital_signal_flip,critical_pre_failure,ESCALATE,1,DV_electric,"10.598,10.240,-0.006,-0.012,10.240,80.600,6.022,0.000,0.000,1.000,0.000,0.000,1.000,1.000,1.000"
PG320-144,2020-06-04 12:02:41,static,physics_contradiction,early_warning,ESCALATE,1,Reservoirs,"-0.012,8.344,8.332,-0.020,10.844,61.250,0.038,1.000,0.000,1.000,1.000,0.000,1.000,1.000,1.000"
PG320-145,2020-07-15 07:42:25,static,missing_data,early_warning,ESCALATE,1,Reservoirs,"-0.010,8.818,8.806,-0.018,M,72.125,3.688,1.000,0.000,1.000,1.000,0.000,1.000,1.000,1.000"
PG320-146,2020-07-15 13:20:18,gradual_drift,gradual_sensor_drift,critical_pre_failure,ESCALATE,1,TP3,"9.806,8.484,-0.008,-0.010,9.442,78.375,5.982,0.000,1.000,0.000,0.000,0.000,1.000,1.000,1.000"
PG320-147,2020-05-29 22:23:42,gradual_drift,gradual_sensor_drift,critical_pre_failure,ESCALATE,1,Oil_temperature,"-0.012,8.088,8.078,-0.020,8.090,53.395,0.042,1.000,0.000,1.000,1.000,0.000,1.000,1.000,1.000"
PG320-148,2020-05-29 12:22:00,gradual_drift,gradual_sensor_drift,early_warning,ESCALATE,1,Motor_current,"-0.008,9.262,9.248,-0.014,9.264,68.825,0.032,1.000,0.000,1.000,1.000,0.000,1.000,1.000,1.000"
PG320-149,2020-03-10 10:04:44,gradual_drift,gradual_sensor_drift,normal,RECOMMEND_CONTINUE,0,Reservoirs,"-0.022,9.844,9.844,-0.024,10.070,70.575,3.855,1.000,0.000,1.000,1.000,0.000,1.000,1.000,0.000"
PG320-150,2020-08-10 10:20:17,gradual_drift,gradual_sensor_drift,normal,ESCALATE,1,Motor_current,"-0.014,8.612,8.602,-0.020,8.616,60.875,0.038,1.000,0.000,1.000,1.000,0.000,1.000,0.000,1.000"
PG320-151,2020-07-15 16:01:32,gradual_drift,gradual_sensor_drift,incident,ESCALATE,1,Oil_temperature,"9.194,8.800,-0.002,-0.008,8.796,86.120,5.773,0.000,1.000,1.000,0.000,0.000,1.000,1.000,1.000"
PG320-152,2020-07-15 13:14:01,static,clean,critical_pre_failure,ESCALATE,1,,"-0.006,10.204,10.206,0.004,10.204,78.875,3.688,1.000,0.000,1.000,1.000,0.000,1.000,1.000,1.000"
PG320-153,2020-05-29 22:14:17,static,physics_contradiction,critical_pre_failure,ESCALATE,1,Reservoirs,"-0.014,8.836,8.822,-0.020,11.336,61.050,0.042,1.000,0.000,1.000,1.000,0.000,1.000,1.000,1.000"
PG320-154,2020-07-15 05:41:28,static,clean,early_warning,RECOMMEND_MAINTENANCE,0,,"-0.010,8.406,8.394,-0.020,8.408,70.650,3.730,1.000,0.000,1.000,1.000,0.000,1.000,1.000,1.000"
PG320-155,2020-05-29 12:06:18,gradual_drift,gradual_sensor_drift,early_warning,RECOMMEND_MAINTENANCE,0,Motor_current,"-0.008,9.102,9.086,-0.016,9.102,68.075,0.036,1.000,0.000,1.000,1.000,0.000,1.000,1.000,1.000"
PG320-156,2020-06-19 20:48:36,static,digital_signal_flip,normal,ESCALATE,1,LPS,"-0.020,9.998,9.990,-0.020,9.996,72.425,3.868,1.000,0.000,1.000,1.000,1.000,1.000,1.000,1.000"
PG320-157,2020-04-06 22:04:59,static,clean,normal,RECOMMEND_CONTINUE,0,,"-0.012,8.914,8.906,-0.022,8.914,65.975,0.053,1.000,0.000,1.000,1.000,0.000,1.000,1.000,1.000"
PG320-158,2020-05-30 04:58:57,static,missing_data,incident,ESCALATE,1,TP3,"8.550,M,-0.010,2.050,8.372,76.300,5.628,0.000,1.000,0.000,0.000,0.000,1.000,1.000,1.000"
PG320-159,2020-06-07 06:00:04,static,sensor_spoofing,incident,ESCALATE,1,Motor_current,"8.126,7.932,-0.008,1.926,7.934,74.500,5.138,0.000,1.000,0.000,0.000,0.000,1.000,1.000,1.000"
PG320-160,2020-05-29 12:05:19,static,missing_data,early_warning,ESCALATE,1,Oil_temperature,"-0.008,9.202,9.192,-0.016,9.204,M,0.042,1.000,0.000,1.000,1.000,0.000,1.000,1.000,1.000"
PG320-161,2020-07-15 03:52:44,static,digital_signal_flip,early_warning,ESCALATE,1,MPG,"-0.010,8.324,8.312,-0.016,8.326,70.525,3.615,1.000,0.000,1.000,0.000,0.000,1.000,1.000,1.000"
PG320-162,2020-07-15 09:19:15,static,physics_contradiction,early_warning,ESCALATE,1,Reservoirs,"-0.012,9.386,9.376,-0.016,11.386,75.100,3.712,1.000,0.000,1.000,1.000,0.000,1.000,1.000,1.000"
PG320-163,2020-07-15 09:19:15,static,missing_data,early_warning,ESCALATE,1,TP3,"-0.012,M,9.376,-0.016,9.390,75.100,3.712,1.000,0.000,1.000,1.000,0.000,1.000,1.000,1.000"
PG320-164,2020-06-05 10:02:33,static,clean,incident,ESCALATE,1,,"6.028,8.244,-0.008,1.456,8.242,74.450,5.075,0.000,1.000,0.000,0.000,0.000,1.000,1.000,1.000"
PG320-165,2020-06-05 08:37:48,gradual_drift,gradual_sensor_drift,critical_pre_failure,ESCALATE,1,Reservoirs,"-0.014,8.990,8.976,-0.020,8.642,62.125,0.042,1.000,0.000,1.000,1.000,0.000,1.000,1.000,1.000"
PG320-166,2020-06-07 06:00:04,static,digital_signal_flip,incident,ESCALATE,1,MPG,"8.126,7.932,-0.008,1.926,7.934,74.500,5.585,0.000,1.000,0.000,1.000,0.000,1.000,1.000,1.000"
PG320-167,2020-06-07 13:09:07,static,missing_data,incident,ESCALATE,1,Motor_current,"8.038,7.948,-0.006,1.912,7.954,75.700,M,0.000,1.000,0.000,0.000,0.000,1.000,1.000,1.000"
PG320-168,2020-07-15 13:25:05,gradual_drift,gradual_sensor_drift,critical_pre_failure,ESCALATE,1,TP3,"-0.010,7.845,8.960,-0.010,8.976,76.900,3.605,1.000,0.000,1.000,1.000,0.000,1.000,1.000,1.000"
PG320-169,2020-06-04 12:23:30,gradual_drift,gradual_sensor_drift,early_warning,ESCALATE,1,Motor_current,"-0.012,8.194,8.184,-0.018,8.196,61.725,0.036,1.000,0.000,1.000,1.000,0.000,1.000,1.000,1.000"
PG320-170,2020-06-07 06:03:22,static,digital_signal_flip,incident,ESCALATE,1,DV_electric,"5.374,7.958,-0.006,1.084,7.960,74.700,5.003,0.000,0.000,0.000,0.000,0.000,1.000,1.000,1.000"
PG320-171,2020-06-05 08:32:51,static,clean,critical_pre_failure,ESCALATE,1,,"-0.012,9.410,9.400,-0.018,9.412,67.650,3.695,1.000,0.000,1.000,1.000,0.000,1.000,1.000,1.000"
PG320-172,2020-06-04 12:20:22,gradual_drift,gradual_sensor_drift,early_warning,ESCALATE,1,Motor_current,"-0.012,8.388,8.376,-0.020,8.390,62.775,0.037,1.000,0.000,1.000,1.000,0.000,1.000,1.000,1.000"
PG320-173,2020-07-15 05:41:28,static,physics_contradiction,early_warning,ESCALATE,1,Reservoirs,"-0.010,8.406,8.394,-0.020,6.906,70.650,3.730,1.000,0.000,1.000,1.000,0.000,1.000,1.000,1.000"
PG320-174,2020-06-05 02:29:04,static,clean,early_warning,RECOMMEND_MAINTENANCE,0,,"10.374,10.008,-0.010,-0.022,10.002,64.950,6.180,0.000,1.000,0.000,0.000,0.000,1.000,1.000,1.000"
PG320-175,2020-06-07 13:09:07,static,sensor_spoofing,incident,ESCALATE,1,Reservoirs,"8.038,7.948,-0.006,1.912,8.590,75.700,5.435,0.000,1.000,0.000,0.000,0.000,1.000,1.000,1.000"
PG320-176,2020-04-06 22:04:59,static,physics_contradiction,normal,ESCALATE,1,Reservoirs,"-0.012,8.914,8.906,-0.022,6.914,65.975,0.053,1.000,0.000,1.000,1.000,0.000,1.000,1.000,1.000"
PG320-177,2020-04-12 14:44:30,static,digital_signal_flip,normal,ESCALATE,1,Pressure_switch,"8.334,9.420,-0.010,1.502,9.424,74.600,5.533,0.000,1.000,0.000,0.000,0.000,0.000,1.000,1.000"
PG320-178,2020-07-15 14:21:15,static,physics_contradiction,critical_pre_failure,ESCALATE,1,Reservoirs,"10.400,10.068,-0.006,-0.010,8.068,81.700,6.075,0.000,1.000,0.000,0.000,0.000,1.000,1.000,1.000"
PG320-179,2020-06-07 00:45:01,static,physics_contradiction,incident,ESCALATE,1,Reservoirs,"6.984,7.738,-0.008,1.728,9.738,75.100,5.253,0.000,1.000,1.000,0.000,0.000,1.000,1.000,1.000"
PG320-180,2020-06-05 10:02:33,static,sensor_spoofing,incident,ESCALATE,1,Reservoirs,"6.028,8.244,-0.008,1.456,9.231,74.450,5.075,0.000,1.000,0.000,0.000,0.000,1.000,1.000,1.000"
PG320-181,2020-07-06 19:55:21,static,digital_signal_flip,normal,ESCALATE,1,COMP,"-0.008,9.094,9.082,-0.014,9.096,70.025,3.885,0.000,0.000,1.000,1.000,0.000,1.000,1.000,1.000"
PG320-182,2020-06-16 00:10:44,static,physics_contradiction,normal,ESCALATE,1,Reservoirs,"6.878,9.782,-0.010,-0.022,7.282,68.450,5.555,0.000,1.000,0.000,0.000,0.000,1.000,1.000,1.000"
PG320-183,2020-03-24 13:04:22,static,sensor_spoofing,normal,ESCALATE,1,TP2,"-0.013,9.762,9.750,-0.018,9.764,67.150,3.792,1.000,0.000,1.000,1.000,0.000,1.000,1.000,1.000"
PG320-184,2020-05-29 22:04:32,static,physics_contradiction,critical_pre_failure,ESCALATE,1,Reservoirs,"-0.012,9.740,9.726,-0.022,7.740,68.325,3.808,1.000,0.000,1.000,1.000,0.000,1.000,1.000,1.000"
PG320-185,2020-04-18 22:50:43,static,clean,incident,ESCALATE,1,,"7.920,8.886,-0.008,1.690,8.886,73.450,5.575,0.000,1.000,1.000,0.000,0.000,1.000,1.000,1.000"
PG320-186,2020-06-05 08:32:51,static,sensor_spoofing,critical_pre_failure,ESCALATE,1,Oil_temperature,"-0.012,9.410,9.400,-0.018,9.412,54.120,3.695,1.000,0.000,1.000,1.000,0.000,1.000,1.000,1.000"
PG320-187,2020-05-29 12:12:35,gradual_drift,gradual_sensor_drift,early_warning,ESCALATE,1,Motor_current,"9.394,9.102,-0.010,-0.016,9.100,70.375,5.455,0.000,1.000,1.000,0.000,0.000,1.000,1.000,1.000"
PG320-188,2020-07-15 13:06:05,gradual_drift,gradual_sensor_drift,critical_pre_failure,ESCALATE,1,TP3,"-0.022,9.849,10.158,-0.012,10.154,77.900,3.632,1.000,0.000,1.000,1.000,0.000,1.000,1.000,1.000"
PG320-189,2020-07-15 16:19:23,static,sensor_spoofing,incident,ESCALATE,1,Reservoirs,"8.722,8.308,0.000,-0.008,7.058,86.000,5.542,0.000,1.000,1.000,0.000,0.000,1.000,1.000,1.000"
PG320-190,2020-06-04 12:17:13,gradual_drift,gradual_sensor_drift,early_warning,ESCALATE,1,Motor_current,"-0.012,8.586,8.574,-0.020,8.588,64.050,0.037,1.000,0.000,1.000,1.000,0.000,1.000,1.000,1.000"
PG320-191,2020-06-05 01:42:19,static,clean,early_warning,RECOMMEND_MAINTENANCE,0,,"-0.012,9.518,9.506,-0.020,9.518,66.525,3.752,1.000,0.000,1.000,1.000,0.000,1.000,1.000,1.000"
PG320-192,2020-07-15 13:14:01,static,sensor_spoofing,critical_pre_failure,ESCALATE,1,Motor_current,"-0.006,10.204,10.206,0.004,10.204,78.875,3.982,1.000,0.000,1.000,1.000,0.000,1.000,1.000,1.000"
PG320-193,2020-07-15 13:01:28,gradual_drift,gradual_sensor_drift,critical_pre_failure,ESCALATE,1,TP3,"-0.010,8.392,8.436,-0.012,8.450,73.925,3.615,1.000,0.000,1.000,1.000,0.000,1.000,1.000,1.000"
PG320-194,2020-04-17 22:03:37,static,physics_contradiction,critical_pre_failure,ESCALATE,1,Reservoirs,"-0.018,8.248,8.238,-0.024,9.748,49.450,0.040,1.000,0.000,1.000,1.000,0.000,1.000,1.000,1.000"
PG320-195,2020-03-24 13:04:22,static,physics_contradiction,normal,ESCALATE,1,Reservoirs,"-0.014,9.762,9.750,-0.018,7.262,67.150,3.792,1.000,0.000,1.000,1.000,0.000,1.000,1.000,1.000"
PG320-196,2020-06-06 12:03:08,gradual_drift,gradual_sensor_drift,incident,ESCALATE,1,Motor_current,"8.008,8.120,-0.006,2.110,8.122,77.075,5.493,0.000,1.000,0.000,0.000,0.000,1.000,1.000,1.000"
PG320-197,2020-04-18 18:53:29,static,sensor_spoofing,incident,ESCALATE,1,TP2,"7.202,8.858,-0.008,2.010,8.858,73.800,5.690,0.000,1.000,0.000,0.000,0.000,1.000,1.000,1.000"
PG320-198,2020-02-28 14:30:48,static,physics_contradiction,normal,ESCALATE,1,Reservoirs,"-0.012,9.846,9.832,-0.018,11.346,58.900,3.845,1.000,0.000,1.000,1.000,0.000,1.000,1.000,1.000"
PG320-199,2020-07-15 13:15:41,gradual_drift,gradual_sensor_drift,critical_pre_failure,ESCALATE,1,TP3,"-0.010,8.391,9.090,-0.012,9.104,75.800,3.575,1.000,0.000,1.000,1.000,0.000,1.000,1.000,1.000"
PG320-200,2020-06-04 12:10:57,gradual_drift,gradual_sensor_drift,early_warning,RECOMMEND_MAINTENANCE,0,Motor_current,"-0.010,9.544,9.530,-0.020,9.544,68.375,3.617,1.000,0.000,1.000,1.000,0.000,1.000,1.000,1.000"
PG320-201,2020-06-06 12:17:21,gradual_drift,gradual_sensor_drift,incident,ESCALATE,1,Motor_current,"8.290,8.116,-0.006,2.208,8.116,76.950,5.852,0.000,1.000,0.000,0.000,0.000,1.000,1.000,1.000"
PG320-202,2020-06-05 10:02:33,static,digital_signal_flip,incident,ESCALATE,1,Pressure_switch,"6.028,8.244,-0.008,1.456,8.242,74.450,5.075,0.000,1.000,0.000,0.000,0.000,0.000,1.000,1.000"
PG320-203,2020-03-24 13:04:22,static,digital_signal_flip,normal,ESCALATE,1,Pressure_switch,"-0.014,9.762,9.750,-0.018,9.764,67.150,3.792,1.000,0.000,1.000,1.000,0.000,0.000,1.000,1.000"
PG320-204,2020-04-18 20:20:03,static,sensor_spoofing,incident,ESCALATE,1,Reservoirs,"9.018,8.864,-0.008,2.010,9.930,73.850,5.685,0.000,1.000,0.000,0.000,0.000,1.000,1.000,1.000"
PG320-205,2020-07-15 03:52:44,static,clean,early_warning,RECOMMEND_MAINTENANCE,0,,"-0.010,8.324,8.312,-0.016,8.326,70.525,3.615,1.000,0.000,1.000,1.000,0.000,1.000,1.000,1.000"
PG320-206,2020-06-05 08:35:29,static,digital_signal_flip,critical_pre_failure,ESCALATE,1,MPG,"-0.012,9.178,9.164,-0.020,9.180,64.125,0.042,1.000,0.000,1.000,0.000,0.000,1.000,1.000,1.000"
PG320-207,2020-07-15 16:19:23,static,clean,incident,ESCALATE,1,,"8.722,8.308,0.000,-0.008,8.304,86.000,5.542,0.000,1.000,1.000,0.000,0.000,1.000,1.000,1.000"
PG320-208,2020-03-10 10:23:34,gradual_drift,gradual_sensor_drift,normal,ESCALATE,1,Reservoirs,"-0.012,9.910,9.902,-0.022,11.080,70.150,3.840,1.000,0.000,1.000,1.000,0.000,1.000,1.000,0.000"
PG320-209,2020-06-05 08:51:21,static,sensor_spoofing,critical_pre_failure,ESCALATE,1,Motor_current,"-0.012,9.568,9.554,-0.022,9.568,67.425,3.416,1.000,0.000,1.000,1.000,0.000,1.000,1.000,1.000"
PG320-210,2020-02-28 14:30:48,static,missing_data,normal,ESCALATE,1,TP3,"-0.012,M,9.832,-0.018,9.848,58.900,3.845,1.000,0.000,1.000,1.000,0.000,1.000,1.000,1.000"
PG320-211,2020-07-15 13:14:01,static,missing_data,critical_pre_failure,ESCALATE,1,Oil_temperature,"-0.006,10.204,10.206,0.004,10.204,M,3.688,1.000,0.000,1.000,1.000,0.000,1.000,1.000,1.000"
PG320-212,2020-07-17 13:56:06,static,clean,normal,RECOMMEND_CONTINUE,0,,"-0.008,9.334,9.322,-0.008,9.340,72.400,3.562,1.000,0.000,1.000,1.000,0.000,1.000,1.000,1.000"
PG320-213,2020-06-05 08:56:38,gradual_drift,gradual_sensor_drift,critical_pre_failure,ESCALATE,1,Reservoirs,"-0.014,9.052,9.040,-0.022,7.846,63.175,0.042,1.000,0.000,1.000,1.000,0.000,1.000,1.000,1.000"
PG320-214,2020-07-15 07:42:25,static,digital_signal_flip,early_warning,ESCALATE,1,MPG,"-0.010,8.818,8.806,-0.018,8.820,72.125,3.688,1.000,0.000,1.000,0.000,0.000,1.000,1.000,1.000"
PG320-215,2020-06-07 06:03:22,static,clean,incident,ESCALATE,1,,"5.374,7.958,-0.006,1.084,7.960,74.700,5.003,0.000,1.000,0.000,0.000,0.000,1.000,1.000,1.000"
PG320-216,2020-05-29 09:07:15,static,physics_contradiction,early_warning,ESCALATE,1,Reservoirs,"10.056,9.686,-0.006,-0.018,11.186,69.600,6.152,0.000,1.000,0.000,0.000,0.000,1.000,1.000,1.000"
PG320-217,2020-06-07 13:09:07,static,physics_contradiction,incident,ESCALATE,1,Reservoirs,"8.038,7.948,-0.006,1.912,5.948,75.700,5.435,0.000,1.000,0.000,0.000,0.000,1.000,1.000,1.000"
PG320-218,2020-05-30 04:58:57,static,physics_contradiction,incident,ESCALATE,1,Reservoirs,"8.550,8.368,-0.010,2.050,6.868,76.300,5.628,0.000,1.000,0.000,0.000,0.000,1.000,1.000,1.000"
PG320-219,2020-04-17 22:03:37,static,clean,critical_pre_failure,ESCALATE,1,,"-0.018,8.248,8.238,-0.024,8.248,49.450,0.040,1.000,0.000,1.000,1.000,0.000,1.000,1.000,1.000"
PG320-220,2020-07-15 03:52:44,static,physics_contradiction,early_warning,ESCALATE,1,Reservoirs,"-0.010,8.324,8.312,-0.016,9.824,70.525,3.615,1.000,0.000,1.000,1.000,0.000,1.000,1.000,1.000"
PG320-221,2020-04-17 22:38:48,static,digital_signal_flip,critical_pre_failure,ESCALATE,1,MPG,"-0.018,8.248,8.238,-0.024,8.248,49.450,0.040,1.000,0.000,1.000,0.000,0.000,1.000,1.000,1.000"
PG320-222,2020-06-14 01:09:32,static,sensor_spoofing,normal,ESCALATE,1,TP3,"8.744,7.279,-0.024,-0.024,8.268,56.575,5.802,0.000,1.000,0.000,0.000,0.000,1.000,1.000,1.000"
PG320-223,2020-05-29 22:04:42,gradual_drift,gradual_sensor_drift,critical_pre_failure,ESCALATE,1,Oil_temperature,"-0.012,9.722,9.710,-0.020,9.720,66.997,3.790,1.000,0.000,1.000,1.000,0.000,1.000,1.000,1.000"
PG320-224,2020-05-29 22:14:17,static,sensor_spoofing,critical_pre_failure,ESCALATE,1,Oil_temperature,"-0.014,8.836,8.822,-0.020,8.836,70.208,0.042,1.000,0.000,1.000,1.000,0.000,1.000,1.000,1.000"
PG320-225,2020-06-07 13:09:07,static,clean,incident,ESCALATE,1,,"8.038,7.948,-0.006,1.912,7.954,75.700,5.435,0.000,1.000,0.000,0.000,0.000,1.000,1.000,1.000"
PG320-226,2020-06-05 09:17:27,static,missing_data,critical_pre_failure,ESCALATE,1,Oil_temperature,"-0.014,9.370,9.358,-0.020,9.372,M,0.042,1.000,0.000,1.000,1.000,0.000,1.000,1.000,1.000"
PG320-227,2020-07-15 14:09:42,static,physics_contradiction,critical_pre_failure,ESCALATE,1,Reservoirs,"10.050,9.674,-0.002,-0.010,11.674,79.800,6.025,0.000,1.000,1.000,0.000,0.000,1.000,1.000,1.000"
PG320-228,2020-07-15 09:19:15,static,digital_signal_flip,early_warning,ESCALATE,1,COMP,"-0.012,9.386,9.376,-0.016,9.390,75.100,3.712,0.000,0.000,1.000,1.000,0.000,1.000,1.000,1.000"
PG320-229,2020-05-30 01:09:26,gradual_drift,gradual_sensor_drift,incident,ESCALATE,1,Motor_current,"8.640,8.430,-0.008,2.082,8.432,75.475,5.916,0.000,1.000,1.000,0.000,0.000,1.000,1.000,1.000"
PG320-230,2020-05-30 04:58:57,static,digital_signal_flip,incident,ESCALATE,1,Pressure_switch,"8.550,8.368,-0.010,2.050,8.372,76.300,5.628,0.000,1.000,0.000,0.000,0.000,0.000,1.000,1.000"
PG320-231,2020-07-15 16:25:10,gradual_drift,gradual_sensor_drift,incident,ESCALATE,1,Oil_temperature,"8.596,8.186,0.002,-0.008,8.184,77.015,5.570,0.000,1.000,1.000,0.000,0.000,1.000,1.000,1.000"
PG320-232,2020-07-15 16:20:22,gradual_drift,gradual_sensor_drift,incident,ESCALATE,1,Oil_temperature,"8.416,8.006,-0.002,-0.008,8.004,79.433,5.533,0.000,1.000,0.000,0.000,0.000,1.000,1.000,1.000"
PG320-233,2020-05-30 04:58:57,static,sensor_spoofing,incident,ESCALATE,1,TP2,"7.524,8.368,-0.010,2.050,8.372,76.300,5.628,0.000,1.000,0.000,0.000,0.000,1.000,1.000,1.000"
PG320-234,2020-06-05 08:51:51,gradual_drift,gradual_sensor_drift,critical_pre_failure,ESCALATE,1,Reservoirs,"-0.012,9.524,9.508,-0.022,8.482,67.450,3.757,1.000,0.000,1.000,1.000,0.000,1.000,1.000,1.000"
PG320-235,2020-04-10 10:07:53,gradual_drift,gradual_sensor_drift,normal,RECOMMEND_CONTINUE,0,Oil_temperature,"-0.014,9.874,9.864,-0.024,9.874,64.077,3.795,1.000,0.000,1.000,1.000,0.000,1.000,1.000,1.000"
PG320-236,2020-06-07 00:45:01,static,digital_signal_flip,incident,ESCALATE,1,DV_electric,"6.984,7.738,-0.008,1.728,7.740,75.100,5.253,0.000,0.000,1.000,0.000,0.000,1.000,1.000,1.000"
PG320-237,2020-03-10 10:28:22,gradual_drift,gradual_sensor_drift,normal,ESCALATE,1,Reservoirs,"-0.012,9.022,9.012,-0.022,10.305,65.875,3.735,1.000,0.000,1.000,1.000,0.000,1.000,1.000,0.000"
PG320-238,2020-04-18 21:15:33,static,clean,incident,ESCALATE,1,,"9.032,8.888,-0.006,2.010,8.886,73.750,5.875,0.000,1.000,0.000,0.000,0.000,1.000,1.000,1.000"
PG320-239,2020-04-18 18:53:29,static,missing_data,incident,ESCALATE,1,Oil_temperature,"9.002,8.858,-0.008,2.010,8.858,M,5.690,0.000,1.000,0.000,0.000,0.000,1.000,1.000,1.000"
PG320-240,2020-05-29 09:07:15,static,sensor_spoofing,early_warning,ESCALATE,1,Reservoirs,"10.056,9.686,-0.006,-0.018,8.230,69.600,6.152,0.000,1.000,0.000,0.000,0.000,1.000,1.000,1.000"
PG320-241,2020-06-19 20:48:36,static,sensor_spoofing,normal,ESCALATE,1,TP2,"-0.023,9.998,9.990,-0.020,9.996,72.425,3.868,1.000,0.000,1.000,1.000,0.000,1.000,1.000,1.000"
PG320-242,2020-06-16 00:10:44,static,missing_data,normal,ESCALATE,1,Motor_current,"6.878,9.782,-0.010,-0.022,9.782,68.450,M,0.000,1.000,0.000,0.000,0.000,1.000,1.000,1.000"
PG320-243,2020-05-29 22:00:05,gradual_drift,gradual_sensor_drift,critical_pre_failure,ESCALATE,1,Oil_temperature,"5.766,8.040,-0.026,-0.020,8.042,58.000,5.172,0.000,1.000,1.000,0.000,0.000,1.000,1.000,1.000"
PG320-244,2020-05-29 09:07:15,static,clean,early_warning,RECOMMEND_MAINTENANCE,0,,"10.056,9.686,-0.006,-0.018,9.682,69.600,6.152,0.000,1.000,0.000,0.000,0.000,1.000,1.000,1.000"
PG320-245,2020-07-15 05:41:28,static,missing_data,early_warning,ESCALATE,1,Oil_temperature,"-0.010,8.406,8.394,-0.020,8.408,M,3.730,1.000,0.000,1.000,1.000,0.000,1.000,1.000,1.000"
PG320-246,2020-06-05 01:42:19,static,physics_contradiction,early_warning,ESCALATE,1,Reservoirs,"-0.012,9.518,9.506,-0.020,7.018,66.525,3.752,1.000,0.000,1.000,1.000,0.000,1.000,1.000,1.000"
PG320-247,2020-02-08 07:25:44,static,missing_data,normal,ESCALATE,1,TP2,"M,9.292,9.278,-0.018,9.296,57.500,0.038,1.000,0.000,1.000,1.000,0.000,1.000,1.000,1.000"
PG320-248,2020-06-07 00:45:01,static,missing_data,incident,ESCALATE,1,Reservoirs,"6.984,7.738,-0.008,1.728,M,75.100,5.253,0.000,1.000,1.000,0.000,0.000,1.000,1.000,1.000"
PG320-249,2020-06-07 06:00:04,static,missing_data,incident,ESCALATE,1,TP3,"8.126,M,-0.008,1.926,7.934,74.500,5.585,0.000,1.000,0.000,0.000,0.000,1.000,1.000,1.000"
PG320-250,2020-06-04 12:14:05,gradual_drift,gradual_sensor_drift,early_warning,ESCALATE,1,Motor_current,"-0.010,9.082,9.068,-0.018,9.082,66.250,0.038,1.000,0.000,1.000,1.000,0.000,1.000,1.000,1.000"
PG320-251,2020-06-05 08:35:29,static,physics_contradiction,critical_pre_failure,ESCALATE,1,Reservoirs,"-0.012,9.178,9.164,-0.020,10.678,64.125,0.042,1.000,0.000,1.000,1.000,0.000,1.000,1.000,1.000"
PG320-252,2020-06-04 12:01:32,gradual_drift,gradual_sensor_drift,early_warning,RECOMMEND_MAINTENANCE,0,Motor_current,"-0.014,8.538,8.526,-0.018,8.538,61.575,0.040,1.000,0.000,1.000,1.000,0.000,1.000,1.000,1.000"
PG320-253,2020-06-05 08:35:29,static,clean,critical_pre_failure,ESCALATE,1,,"-0.012,9.178,9.164,-0.020,9.180,64.125,0.042,1.000,0.000,1.000,1.000,0.000,1.000,1.000,1.000"
PG320-254,2020-07-15 03:52:44,static,missing_data,early_warning,ESCALATE,1,Oil_temperature,"-0.010,8.324,8.312,-0.016,8.326,M,3.615,1.000,0.000,1.000,1.000,0.000,1.000,1.000,1.000"
PG320-255,2020-06-05 08:35:29,static,sensor_spoofing,critical_pre_failure,ESCALATE,1,Reservoirs,"-0.012,9.178,9.164,-0.020,8.446,64.125,0.042,1.000,0.000,1.000,1.000,0.000,1.000,1.000,1.000"
PG320-256,2020-04-12 14:44:30,static,missing_data,normal,ESCALATE,1,TP3,"8.334,M,-0.010,1.502,9.424,74.600,5.533,0.000,1.000,0.000,0.000,0.000,1.000,1.000,1.000"
PG320-257,2020-05-29 22:09:30,gradual_drift,gradual_sensor_drift,critical_pre_failure,ESCALATE,1,Oil_temperature,"-0.010,9.262,9.248,-0.020,9.262,63.994,0.045,1.000,0.000,1.000,1.000,0.000,1.000,1.000,1.000"
PG320-258,2020-04-18 22:50:43,static,sensor_spoofing,incident,ESCALATE,1,TP3,"7.920,7.109,-0.008,1.690,8.886,73.450,5.575,0.000,1.000,1.000,0.000,0.000,1.000,1.000,1.000"
PG320-259,2020-05-29 12:28:17,gradual_drift,gradual_sensor_drift,early_warning,ESCALATE,1,Motor_current,"-0.010,8.598,8.588,-0.016,8.604,64.825,0.030,1.000,0.000,1.000,1.000,0.000,1.000,1.000,1.000"
PG320-260,2020-02-08 07:25:44,static,sensor_spoofing,normal,ESCALATE,1,Oil_temperature,"-0.012,9.292,9.278,-0.018,9.296,69.000,0.038,1.000,0.000,1.000,1.000,0.000,1.000,1.000,1.000"
PG320-261,2020-04-17 22:03:37,static,missing_data,critical_pre_failure,ESCALATE,1,TP2,"M,8.248,8.238,-0.024,8.248,49.450,0.040,1.000,0.000,1.000,1.000,0.000,1.000,1.000,1.000"
PG320-262,2020-06-14 01:09:32,static,physics_contradiction,normal,ESCALATE,1,Reservoirs,"8.744,8.272,-0.024,-0.024,10.272,56.575,5.802,0.000,1.000,0.000,0.000,0.000,1.000,1.000,1.000"
PG320-263,2020-04-16 20:22:09,static,missing_data,normal,ESCALATE,1,Oil_temperature,"-0.014,9.290,9.276,-0.022,9.288,M,0.042,1.000,0.000,1.000,1.000,0.000,1.000,1.000,1.000"
PG320-264,2020-04-18 21:15:33,static,sensor_spoofing,incident,ESCALATE,1,Motor_current,"9.032,8.888,-0.006,2.010,8.886,73.750,6.756,0.000,1.000,0.000,0.000,0.000,1.000,1.000,1.000"
PG320-265,2020-06-04 12:04:40,gradual_drift,gradual_sensor_drift,early_warning,RECOMMEND_MAINTENANCE,0,Motor_current,"9.610,9.202,-0.012,-0.018,9.200,66.025,5.916,0.000,1.000,0.000,0.000,0.000,1.000,1.000,1.000"
PG320-266,2020-04-10 10:26:42,gradual_drift,gradual_sensor_drift,normal,ESCALATE,1,Oil_temperature,"-0.016,8.468,8.460,-0.024,8.470,48.316,0.042,1.000,0.000,1.000,1.000,0.000,1.000,1.000,1.000"
PG320-267,2020-07-15 09:19:15,static,sensor_spoofing,early_warning,ESCALATE,1,Motor_current,"-0.012,9.386,9.376,-0.016,9.390,75.100,4.455,1.000,0.000,1.000,1.000,0.000,1.000,1.000,1.000"
PG320-268,2020-03-10 10:09:32,gradual_drift,gradual_sensor_drift,normal,RECOMMEND_CONTINUE,0,Reservoirs,"-0.010,9.280,9.272,-0.022,9.723,66.200,3.797,1.000,0.000,1.000,1.000,0.000,1.000,1.000,0.000"
PG320-269,2020-07-06 19:55:21,static,missing_data,normal,ESCALATE,1,TP3,"-0.008,M,9.082,-0.014,9.096,70.025,3.885,1.000,0.000,1.000,1.000,0.000,1.000,1.000,1.000"
PG320-270,2020-06-04 12:07:48,gradual_drift,gradual_sensor_drift,early_warning,RECOMMEND_MAINTENANCE,0,Motor_current,"-0.014,9.870,9.858,-0.018,9.872,71.375,3.711,1.000,0.000,1.000,1.000,0.000,1.000,1.000,1.000"
PG320-271,2020-04-18 21:15:33,static,missing_data,incident,ESCALATE,1,Oil_temperature,"9.032,8.888,-0.006,2.010,8.886,M,5.875,0.000,1.000,0.000,0.000,0.000,1.000,1.000,1.000"
PG320-272,2020-07-15 13:50:12,static,clean,critical_pre_failure,ESCALATE,1,,"10.598,10.240,-0.006,-0.012,10.240,80.600,6.022,0.000,1.000,1.000,0.000,0.000,1.000,1.000,1.000"
PG320-273,2020-05-29 12:05:19,static,digital_signal_flip,early_warning,ESCALATE,1,LPS,"-0.008,9.202,9.192,-0.016,9.204,69.125,0.042,1.000,0.000,1.000,1.000,1.000,1.000,1.000,1.000"
PG320-274,2020-03-30 15:02:01,static,sensor_spoofing,normal,ESCALATE,1,Reservoirs,"-0.016,8.256,8.246,-0.024,9.499,56.525,0.042,1.000,0.000,1.000,1.000,0.000,1.000,1.000,1.000"
PG320-275,2020-02-08 07:25:44,static,physics_contradiction,normal,ESCALATE,1,Reservoirs,"-0.012,9.292,9.278,-0.018,11.292,57.500,0.038,1.000,0.000,1.000,1.000,0.000,1.000,1.000,1.000"
PG320-276,2020-07-15 13:14:01,static,digital_signal_flip,critical_pre_failure,ESCALATE,1,MPG,"-0.006,10.204,10.206,0.004,10.204,78.875,3.688,1.000,0.000,1.000,0.000,0.000,1.000,1.000,1.000"
PG320-277,2020-04-17 22:38:48,static,sensor_spoofing,critical_pre_failure,ESCALATE,1,TP3,"-0.018,9.898,8.238,-0.024,8.248,49.450,0.040,1.000,0.000,1.000,1.000,0.000,1.000,1.000,1.000"
PG320-278,2020-06-07 06:00:04,static,physics_contradiction,incident,ESCALATE,1,Reservoirs,"8.126,7.932,-0.008,1.926,6.432,74.500,5.585,0.000,1.000,0.000,0.000,0.000,1.000,1.000,1.000"
PG320-279,2020-07-15 03:52:44,static,sensor_spoofing,early_warning,ESCALATE,1,Motor_current,"-0.010,8.324,8.312,-0.016,8.326,70.525,3.073,1.000,0.000,1.000,1.000,0.000,1.000,1.000,1.000"
PG320-280,2020-07-15 14:09:42,static,sensor_spoofing,critical_pre_failure,ESCALATE,1,Motor_current,"10.050,9.674,-0.002,-0.010,9.674,79.800,5.543,0.000,1.000,1.000,0.000,0.000,1.000,1.000,1.000"
PG320-281,2020-05-29 09:31:12,static,missing_data,early_warning,ESCALATE,1,Motor_current,"-0.012,9.792,9.778,-0.018,9.790,70.250,M,1.000,0.000,1.000,1.000,0.000,1.000,1.000,1.000"
PG320-282,2020-06-19 20:48:36,static,missing_data,normal,ESCALATE,1,Motor_current,"-0.020,9.998,9.990,-0.020,9.996,72.425,M,1.000,0.000,1.000,1.000,0.000,1.000,1.000,1.000"
PG320-283,2020-05-29 22:14:07,gradual_drift,gradual_sensor_drift,critical_pre_failure,ESCALATE,1,Oil_temperature,"-0.012,8.848,8.838,-0.020,8.850,58.278,0.042,1.000,0.000,1.000,1.000,0.000,1.000,1.000,1.000"
PG320-284,2020-05-29 12:09:27,gradual_drift,gradual_sensor_drift,early_warning,ESCALATE,1,Motor_current,"-0.010,8.284,8.270,-0.018,8.286,65.575,0.035,1.000,0.000,1.000,1.000,0.000,1.000,1.000,1.000"
PG320-285,2020-04-10 10:03:05,gradual_drift,gradual_sensor_drift,normal,RECOMMEND_CONTINUE,0,Oil_temperature,"1.150,8.072,-0.030,-0.022,8.074,50.981,4.947,0.000,1.000,0.000,0.000,0.000,1.000,1.000,1.000"
PG320-286,2020-04-17 22:38:48,static,clean,critical_pre_failure,ESCALATE,1,,"-0.018,8.248,8.238,-0.024,8.248,49.450,0.040,1.000,0.000,1.000,1.000,0.000,1.000,1.000,1.000"
PG320-287,2020-04-16 20:22:09,static,digital_signal_flip,normal,ESCALATE,1,Pressure_switch,"-0.014,9.290,9.276,-0.022,9.288,61.150,0.042,1.000,0.000,1.000,1.000,0.000,0.000,1.000,1.000"
PG320-288,2020-04-06 22:04:59,static,digital_signal_flip,normal,ESCALATE,1,COMP,"-0.012,8.914,8.906,-0.022,8.914,65.975,0.053,0.000,0.000,1.000,1.000,0.000,1.000,1.000,1.000"
PG320-289,2020-06-16 00:10:44,static,sensor_spoofing,normal,ESCALATE,1,Motor_current,"6.878,9.782,-0.010,-0.022,9.782,68.450,4.444,0.000,1.000,0.000,0.000,0.000,1.000,1.000,1.000"
PG320-290,2020-04-16 20:22:09,static,sensor_spoofing,normal,ESCALATE,1,TP2,"-0.016,9.290,9.276,-0.022,9.288,61.150,0.042,1.000,0.000,1.000,1.000,0.000,1.000,1.000,1.000"
PG320-291,2020-04-18 18:53:29,static,digital_signal_flip,incident,ESCALATE,1,DV_electric,"9.002,8.858,-0.008,2.010,8.858,73.800,5.690,0.000,0.000,0.000,0.000,0.000,1.000,1.000,1.000"
PG320-292,2020-07-15 13:50:12,static,missing_data,critical_pre_failure,ESCALATE,1,Oil_temperature,"10.598,10.240,-0.006,-0.012,10.240,M,6.022,0.000,1.000,1.000,0.000,0.000,1.000,1.000,1.000"
PG320-293,2020-05-30 01:04:38,gradual_drift,gradual_sensor_drift,incident,ESCALATE,1,Motor_current,"7.270,8.408,-0.008,1.658,8.408,75.625,5.491,0.000,1.000,1.000,0.000,0.000,1.000,1.000,1.000"
PG320-294,2020-06-07 00:45:01,static,clean,incident,ESCALATE,1,,"6.984,7.738,-0.008,1.728,7.740,75.100,5.253,0.000,1.000,1.000,0.000,0.000,1.000,1.000,1.000"
PG320-295,2020-04-18 21:15:33,static,digital_signal_flip,incident,ESCALATE,1,DV_electric,"9.032,8.888,-0.006,2.010,8.886,73.750,5.875,0.000,0.000,0.000,0.000,0.000,1.000,1.000,1.000"
PG320-296,2020-04-10 10:12:30,gradual_drift,gradual_sensor_drift,normal,RECOMMEND_CONTINUE,0,Oil_temperature,"-0.014,9.470,9.456,-0.024,9.468,58.520,3.845,1.000,0.000,1.000,1.000,0.000,1.000,1.000,1.000"
PG320-297,2020-07-15 16:15:45,gradual_drift,gradual_sensor_drift,incident,ESCALATE,1,Oil_temperature,"8.732,8.336,-0.002,-0.008,8.330,80.776,5.548,0.000,1.000,1.000,0.000,0.000,1.000,1.000,1.000"
PG320-298,2020-06-06 12:12:33,gradual_drift,gradual_sensor_drift,incident,ESCALATE,1,Motor_current,"8.348,8.128,-0.006,2.228,8.130,76.850,5.849,0.000,1.000,1.000,0.000,0.000,1.000,1.000,1.000"
PG320-299,2020-05-29 22:14:17,static,clean,critical_pre_failure,ESCALATE,1,,"-0.014,8.836,8.822,-0.020,8.836,61.050,0.042,1.000,0.000,1.000,1.000,0.000,1.000,1.000,1.000"
PG320-300,2020-06-19 20:48:36,static,physics_contradiction,normal,ESCALATE,1,Reservoirs,"-0.020,9.998,9.990,-0.020,7.498,72.425,3.868,1.000,0.000,1.000,1.000,0.000,1.000,1.000,1.000"
PG320-301,2020-03-30 15:02:01,static,clean,normal,RECOMMEND_CONTINUE,0,,"-0.016,8.256,8.246,-0.024,8.260,56.525,0.042,1.000,0.000,1.000,1.000,0.000,1.000,1.000,1.000"
PG320-302,2020-06-05 09:17:27,static,digital_signal_flip,critical_pre_failure,ESCALATE,1,Pressure_switch,"-0.014,9.370,9.358,-0.020,9.372,66.350,0.042,1.000,0.000,1.000,1.000,0.000,0.000,1.000,1.000"
PG320-303,2020-03-30 15:02:01,static,missing_data,normal,ESCALATE,1,Oil_temperature,"-0.016,8.256,8.246,-0.024,8.260,M,0.042,1.000,0.000,1.000,1.000,0.000,1.000,1.000,1.000"
PG320-304,2020-07-15 13:29:53,gradual_drift,gradual_sensor_drift,critical_pre_failure,ESCALATE,1,TP3,"9.862,8.075,-0.006,-0.008,9.500,78.475,5.980,0.000,1.000,0.000,0.000,0.000,1.000,1.000,1.000"
PG320-305,2020-04-17 22:38:48,static,physics_contradiction,critical_pre_failure,ESCALATE,1,Reservoirs,"-0.018,8.248,8.238,-0.024,6.748,49.450,0.040,1.000,0.000,1.000,1.000,0.000,1.000,1.000,1.000"
PG320-306,2020-04-17 22:38:48,static,missing_data,critical_pre_failure,ESCALATE,1,TP3,"-0.018,M,8.238,-0.024,8.248,49.450,0.040,1.000,0.000,1.000,1.000,0.000,1.000,1.000,1.000"
PG320-307,2020-06-05 02:29:04,static,digital_signal_flip,early_warning,ESCALATE,1,LPS,"10.374,10.008,-0.010,-0.022,10.002,64.950,6.180,0.000,1.000,0.000,0.000,1.000,1.000,1.000,1.000"
PG320-308,2020-06-05 09:17:27,static,clean,critical_pre_failure,ESCALATE,1,,"-0.014,9.370,9.358,-0.020,9.372,66.350,0.042,1.000,0.000,1.000,1.000,0.000,1.000,1.000,1.000"
PG320-309,2020-04-12 14:44:30,static,sensor_spoofing,normal,ESCALATE,1,Motor_current,"8.334,9.420,-0.010,1.502,9.424,74.600,4.426,0.000,1.000,0.000,0.000,0.000,1.000,1.000,1.000"
PG320-310,2020-04-10 10:21:55,gradual_drift,gradual_sensor_drift,normal,ESCALATE,1,Oil_temperature,"-0.016,8.740,8.730,-0.024,8.742,50.707,0.042,1.000,0.000,1.000,1.000,0.000,1.000,1.000,1.000"
PG320-311,2020-07-17 13:56:06,static,missing_data,normal,ESCALATE,1,Motor_current,"-0.008,9.334,9.322,-0.008,9.340,72.400,M,1.000,0.000,1.000,1.000,0.000,1.000,1.000,1.000"
PG320-312,2020-03-30 15:02:01,static,digital_signal_flip,normal,ESCALATE,1,Pressure_switch,"-0.016,8.256,8.246,-0.024,8.260,56.525,0.042,1.000,0.000,1.000,1.000,0.000,0.000,1.000,1.000"
PG320-313,2020-08-10 10:06:14,gradual_drift,gradual_sensor_drift,normal,RECOMMEND_CONTINUE,0,Motor_current,"-0.018,9.926,9.918,-0.020,9.924,68.625,3.613,1.000,0.000,1.000,1.000,0.000,1.000,0.000,1.000"
PG320-314,2020-08-10 10:15:39,gradual_drift,gradual_sensor_drift,normal,ESCALATE,1,Motor_current,"-0.014,8.998,8.984,-0.020,9.000,62.900,0.039,1.000,0.000,1.000,1.000,0.000,1.000,0.000,1.000"
PG320-315,2020-07-06 19:55:21,static,clean,normal,RECOMMEND_CONTINUE,0,,"-0.008,9.094,9.082,-0.014,9.096,70.025,3.885,1.000,0.000,1.000,1.000,0.000,1.000,1.000,1.000"
PG320-316,2020-04-17 22:03:37,static,sensor_spoofing,critical_pre_failure,ESCALATE,1,TP3,"-0.018,7.588,8.238,-0.024,8.248,49.450,0.040,1.000,0.000,1.000,1.000,0.000,1.000,1.000,1.000"
PG320-317,2020-05-29 07:25:29,static,physics_contradiction,early_warning,ESCALATE,1,Reservoirs,"-0.010,8.328,8.318,-0.020,10.828,65.275,0.042,1.000,0.000,1.000,1.000,0.000,1.000,1.000,1.000"
PG320-318,2020-05-29 09:07:15,static,missing_data,early_warning,ESCALATE,1,Oil_temperature,"10.056,9.686,-0.006,-0.018,9.682,M,6.152,0.000,1.000,0.000,0.000,0.000,1.000,1.000,1.000"
PG320-319,2020-04-18 20:20:03,static,missing_data,incident,ESCALATE,1,TP2,"M,8.864,-0.008,2.010,8.866,73.850,5.685,0.000,1.000,0.000,0.000,0.000,1.000,1.000,1.000"
PG320-320,2020-05-29 12:05:19,static,physics_contradiction,early_warning,ESCALATE,1,Reservoirs,"-0.008,9.202,9.192,-0.016,7.702,69.125,0.042,1.000,0.000,1.000,1.000,0.000,1.000,1.000,1.000"